{"meta": {"version": "7.2.2", "timestamp": "2024-08-14T11:36:29.542751", "branch_coverage": true, "show_contexts": false}, "files": {"test_temp.py": {"executed_lines": [1, 2, 3, 4, 7, 8, 10, 11, 14, 15, 16, 17, 20, 29, 30, 33, 35, 37, 38, 41, 43, 45, 46, 47, 48, 50, 52, 53, 54, 55, 56, 58, 60, 62, 63, 64, 65, 66, 67, 69, 71, 72, 73, 75, 76, 77, 78, 79, 80, 82, 84, 86, 87, 88, 90, 93, 104, 106, 107, 110, 111, 114, 115, 116, 118, 121, 122, 125, 126, 128], "summary": {"covered_lines": 70, "num_statements": 73, "percent_covered": 96.1038961038961, "percent_covered_display": "96", "missing_lines": 3, "excluded_lines": 0, "num_branches": 4, "num_partial_branches": 0, "covered_branches": 4, "missing_branches": 0}, "missing_lines": [39, 130, 131], "excluded_lines": [], "executed_branches": [[114, 115], [114, 121], [115, 116], [115, 118]], "missing_branches": []}}, "totals": {"covered_lines": 70, "num_statements": 73, "percent_covered": 96.1038961038961, "percent_covered_display": "96", "missing_lines": 3, "excluded_lines": 0, "num_branches": 4, "num_partial_branches": 0, "covered_branches": 4, "missing_branches": 0}}