{"meta": {"version": "7.2.2", "timestamp": "2024-08-16T16:59:28.064887", "branch_coverage": true, "show_contexts": false}, "files": {"test_temp.py": {"executed_lines": [1, 2, 5, 7, 9, 10, 17, 18, 20, 22, 23, 24, 26, 28, 30, 31, 32, 34, 36, 37, 38, 39, 40, 41, 43, 45, 46, 48, 50, 51, 52, 53, 54, 55, 57, 59, 60, 69, 70, 71, 72, 73, 75, 78, 86, 87, 90, 98, 106, 107, 108, 109, 110, 111, 114, 115, 116, 117], "summary": {"covered_lines": 58, "num_statements": 58, "percent_covered": 98.71794871794872, "percent_covered_display": "99", "missing_lines": 0, "excluded_lines": 0, "num_branches": 20, "num_partial_branches": 1, "covered_branches": 19, "missing_branches": 1}, "missing_lines": [], "excluded_lines": [], "executed_branches": [[23, -20], [23, 24], [30, 31], [39, -34], [39, 40], [53, -48], [53, 54], [70, -57], [70, 71], [86, 87], [86, 90], [107, 108], [107, 114], [108, 107], [108, 109], [109, 108], [109, 110], [114, -78], [114, 115]], "missing_branches": [[30, -26]]}}, "totals": {"covered_lines": 58, "num_statements": 58, "percent_covered": 98.71794871794872, "percent_covered_display": "99", "missing_lines": 0, "excluded_lines": 0, "num_branches": 20, "num_partial_branches": 1, "covered_branches": 19, "missing_branches": 1}}