{
  "meta": {
    "version": "7.2.2",
    "timestamp": "2024-08-12T14:46:44.130842",
    "branch_coverage": true,
    "show_contexts": false
  },
  "files": {
    "test_temp.py": {
      "executed_lines": [
        1,
        4,
        5,
        13,
        14,
        15,
        17,
        19,
        20,
        22,
        24,
        25,
        27,
        29,
        30,
        32,
        34,
        35,
        36,
        37,
        39,
        41,
        42,
        43,
        44,
        46,
        47,
        48,
        49,
        50,
        53,
        54,
        55,
        57,
        59,
        60,
        61,
        62,
        63,
        64,
        65,
        67,
        69,
        70,
        71,
        72,
        73,
        74,
        75,
        77,
        79,
        80,
        81,
        82,
        83,
        84,
        85,
        87,
        100,
        113
      ],
      "summary": {
        "covered_lines": 60,
        "num_statements": 91,
        "percent_covered": 59.50413223140496,
        "percent_covered_display": "60",
        "missing_lines": 31,
        "excluded_lines": 0,
        "num_branches": 30,
        "num_partial_branches": 0,
        "covered_branches": 12,
        "missing_branches": 18
      },
      "missing_lines": [
        89,
        90,
        91,
        92,
        93,
        94,
        95,
        96,
        97,
        98,
        102,
        103,
        104,
        105,
        106,
        107,
        108,
        109,
        110,
        111,
        115,
        116,
        117,
        118,
        119,
        120,
        121,
        122,
        123,
        124,
        125
      ],
      "excluded_lines": [],
      "executed_branches": [
        [
          59,
          60
        ],
        [
          59,
          61
        ],
        [
          61,
          62
        ],
        [
          61,
          65
        ],
        [
          69,
          70
        ],
        [
          69,
          71
        ],
        [
          71,
          72
        ],
        [
          71,
          75
        ],
        [
          79,
          80
        ],
        [
          79,
          81
        ],
        [
          81,
          82
        ],
        [
          81,
          85
        ]
      ],
      "missing_branches": [
        [
          89,
          90
        ],
        [
          89,
          91
        ],
        [
          92,
          93
        ],
        [
          92,
          98
        ],
        [
          94,
          92
        ],
        [
          94,
          95
        ],
        [
          104,
          105
        ],
        [
          104,
          111
        ],
        [
          105,
          106
        ],
        [
          105,
          108
        ],
        [
          115,
          116
        ],
        [
          115,
          117
        ],
        [
          118,
          119
        ],
        [
          118,
          125
        ],
        [
          121,
          122
        ],
        [
          121,
          123
        ],
        [
          123,
          118
        ],
        [
          123,
          124
        ]
      ]
    }
  },
  "totals": {
    "covered_lines": 60,
    "num_statements": 91,
    "percent_covered": 59.50413223140496,
    "percent_covered_display": "60",
    "missing_lines": 31,
    "excluded_lines": 0,
    "num_branches": 30,
    "num_partial_branches": 0,
    "covered_branches": 12,
    "missing_branches": 18
  }
}