{"meta": {"version": "7.2.2", "timestamp": "2024-08-06T21:21:55.101206", "branch_coverage": true, "show_contexts": false}, "files": {"test_temp.py": {"executed_lines": [1, 4, 5, 6, 12, 17, 18, 20, 21, 27, 32, 33, 35, 36, 42, 47, 48, 50, 51, 57, 62, 63, 65, 66, 72, 77, 78, 81, 108, 111, 122, 125, 128, 131, 133, 135, 137, 139], "summary": {"covered_lines": 38, "num_statements": 45, "percent_covered": 77.19298245614036, "percent_covered_display": "77", "missing_lines": 7, "excluded_lines": 0, "num_branches": 12, "num_partial_branches": 0, "covered_branches": 6, "missing_branches": 6}, "missing_lines": [92, 95, 98, 101, 103, 105, 107], "excluded_lines": [], "executed_branches": [[125, -125], [125, 125], [125, 128], [131, 133], [131, 139], [135, -135], [135, 135], [135, 137]], "missing_branches": [[95, -95], [95, 98], [101, 103], [101, 107], [105, -105], [105, 101]]}}, "totals": {"covered_lines": 38, "num_statements": 45, "percent_covered": 77.19298245614036, "percent_covered_display": "77", "missing_lines": 7, "excluded_lines": 0, "num_branches": 12, "num_partial_branches": 0, "covered_branches": 6, "missing_branches": 6}}