{"meta": {"version": "7.2.2", "timestamp": "2024-08-14T11:00:23.553374", "branch_coverage": true, "show_contexts": false}, "files": {"test_temp.py": {"executed_lines": [1, 2, 3, 6, 7, 9, 10, 12, 14, 15, 16, 18, 20, 21, 22, 23, 24, 25, 26, 27, 28, 30, 32, 33, 34, 35, 36, 37, 38, 39, 40, 42, 44, 45, 46, 47, 48, 49, 50, 51, 52, 54, 56, 57, 58, 59, 60, 61, 62, 63, 64, 66, 67, 68, 71, 73, 76, 77, 79, 81, 83, 87, 88, 90, 91, 92], "summary": {"covered_lines": 66, "num_statements": 67, "percent_covered": 96.47058823529412, "percent_covered_display": "96", "missing_lines": 1, "excluded_lines": 0, "num_branches": 18, "num_partial_branches": 2, "covered_branches": 16, "missing_branches": 2}, "missing_lines": [95], "excluded_lines": [], "executed_branches": [[14, 15], [14, 16], [25, 26], [25, 28], [37, 38], [37, 40], [49, 50], [49, 52], [61, 62], [61, 64], [76, 77], [76, 87], [77, 79], [87, 88], [90, 91], [90, 92]], "missing_branches": [[77, 76], [87, 95]]}}, "totals": {"covered_lines": 66, "num_statements": 67, "percent_covered": 96.47058823529412, "percent_covered_display": "96", "missing_lines": 1, "excluded_lines": 0, "num_branches": 18, "num_partial_branches": 2, "covered_branches": 16, "missing_branches": 2}}